{
  "mbps/2_4GHz/mld": 4.186658133333333,
  "mbps/2_4GHz/sld": 4.669440000000001,
  "mbps/2_4GHz/total": 8.856098133333333,
  "mbps/5GHz/mld": 16.68075563977825,
  "mbps/5GHz/sld": 0.0,
  "mbps/5GHz/total": 16.68075563977825,
  "mbps/mld_total": 20.867413773111586,
  "mbps/sld_total": 4.669440000000001,
  "mbps/system": 25.536853773111584,
  "timing/eval_duration_sec": 30.0,
  "timing/elapsed_sec": 30.0,
  "timing/step_count": 23030.75,
  "timing/total_step_slots": 348586.8477997243,
  "timing/avg_step_slots": 15.135870354338559,
  "events/2_4GHz/success": 2027.0,
  "events/2_4GHz/collision": 468.75,
  "events/2_4GHz/idle": 5201.25,
  "events/2_4GHz/total": 7697.0,
  "events/2_4GHz/success_mld": 958.25,
  "events/2_4GHz/success_sld": 1068.75,
  "collision_rate/2_4GHz/per_event": 0.06088538177791899,
  "success_rate/2_4GHz/per_event": 0.2634089433674471,
  "idle_rate/2_4GHz/per_event": 0.675705674854634,
  "events/5GHz/success": 3817.9219756572534,
  "events/5GHz/collision": 764.0148827231303,
  "events/5GHz/idle": 11103.25,
  "events/5GHz/total": 15685.186858380384,
  "events/5GHz/success_mld": 3817.9219756572534,
  "events/5GHz/success_sld": 0.0,
  "collision_rate/5GHz/per_event": 0.04871103074689089,
  "success_rate/5GHz/per_event": 0.24340892374775147,
  "idle_rate/5GHz/per_event": 0.7078800455053575,
  "events/system/success": 5844.921975657253,
  "events/system/collision": 1232.7648827231303,
  "events/system/idle": 16304.5,
  "events/system/total": 23382.18685838038,
  "collision_rate/system_per_event": 0.052721389702042626,
  "success_rate/system_per_event": 0.24997791770872693,
  "idle_rate/system_per_event": 0.6973006925892304,
  "episode_reward/total": -91768.69430512935,
  "policy_type": 1.0,
  "action/transmit_ratio": 0.009910311002999068,
  "avg_fulfillment": 0.49027491268677975,
  "scenario/active_mld": 15.0,
  "scenario/active_sld": 5.0,
  "scenario/max_mld": 30.0,
  "scenario/max_sld": 10.0,
  "timing/rounds_completed": 1.0
}