{
  "mbps/2_4GHz/mld": 5.851337527203671,
  "mbps/2_4GHz/sld": 1.8064066862543855,
  "mbps/2_4GHz/total": 7.657744213458057,
  "mbps/5GHz/mld": 14.911624533333335,
  "mbps/5GHz/sld": 0.0,
  "mbps/5GHz/total": 14.911624533333335,
  "mbps/mld_total": 20.762962060537006,
  "mbps/sld_total": 1.8064066862543855,
  "mbps/system": 22.569368746791394,
  "timing/eval_duration_sec": 30.0,
  "timing/elapsed_sec": 30.0,
  "timing/step_count": 20305.5,
  "timing/total_step_slots": 347270.42529175535,
  "timing/avg_step_slots": 17.103588174302658,
  "events/2_4GHz/success": 1752.718554716047,
  "events/2_4GHz/collision": 742.5,
  "events/2_4GHz/idle": 4498.0,
  "events/2_4GHz/total": 6993.218554716047,
  "events/2_4GHz/success_mld": 1339.2648759163676,
  "events/2_4GHz/success_sld": 413.45367879967927,
  "collision_rate/2_4GHz/per_event": 0.10618760041980947,
  "success_rate/2_4GHz/per_event": 0.2506615231124676,
  "idle_rate/2_4GHz/per_event": 0.643150876467723,
  "events/5GHz/success": 3413.0,
  "events/5GHz/collision": 1191.406328133652,
  "events/5GHz/idle": 8984.75,
  "events/5GHz/total": 13589.156328133651,
  "events/5GHz/success_mld": 3413.0,
  "events/5GHz/success_sld": 0.0,
  "collision_rate/5GHz/per_event": 0.08768953329455832,
  "success_rate/5GHz/per_event": 0.25118477753647556,
  "idle_rate/5GHz/per_event": 0.6611256891689661,
  "events/system/success": 5165.718554716047,
  "events/system/collision": 1933.906328133652,
  "events/system/idle": 13482.75,
  "events/system/total": 20582.374882849697,
  "collision_rate/system_per_event": 0.09397413620845609,
  "success_rate/system_per_event": 0.2509940582872168,
  "idle_rate/system_per_event": 0.6550318055043272,
  "episode_reward/total": -93455.39484290034,
  "policy_type": 0.0,
  "action/transmit_ratio": 0.007982915265363771,
  "avg_fulfillment": 0.5475066520484217,
  "scenario/active_mld": 15.0,
  "scenario/active_sld": 5.0,
  "scenario/max_mld": 30.0,
  "scenario/max_sld": 10.0,
  "timing/rounds_completed": 1.0
}